{
  "1KTZ": {
    "calculation_time": 0.3012881278991699,
    "total_dsa": 11056.191078186035,
    "reference_bsa": 989,
    "error": null
  },
  "1US7": {
    "calculation_time": 0.7220966815948486,
    "total_dsa": 19221.41752243042,
    "reference_bsa": 1106,
    "error": null
  }
}