,calculation_time,receptor_dsasa,ligand_dsasa,total_dsasa,reference_bsa,interface_residues,error
1KTZ,0.30239391326904297,7425.67073059082,11056.191078186035,18481.861808776855,989,180,
1US7,0.6871681213378906,23129.866847991943,19221.41752243042,42351.28437042236,1106,397,
